"Refs","Value","Footprint","Qty","DNP"
"C_3V3_1","10uF","Capacitor_SMD:C_0805_2012Metric","1",""
"C_3V3_2","100nF","Capacitor_SMD:C_0805_2012Metric","1",""
"C_BAT?","100nF","Capacitor_SMD:C_0805_2012Metric","1",""
"C_BIAS?","10uF","Capacitor_SMD:C_0805_2012Metric","1",""
"C_ESP1","10uF","Capacitor_SMD:C_0805_2012Metric","1",""
"C_ESP2","100nF","Capacitor_SMD:C_0805_2012Metric","1",""
"C_F?","10nF","Capacitor_SMD:C_0805_2012Metric","1",""
"C_F_TACHO?","100pF","Capacitor_SMD:C_0805_2012Metric","1",""
"C_IN1","10uF","Capacitor_SMD:C_0805_2012Metric","1",""
"C_IN2","100nF","Capacitor_SMD:C_0805_2012Metric","1",""
"C_LORA_BULK?","470uF 16V","Capacitor_THT:CP_Radial_D8.0mm_P3.50mm","1",""
"C_LORA_DEC?","100nF","Capacitor_SMD:C_0805_2012Metric","1",""
"C_OLED?","100nF","Capacitor_SMD:C_0805_2012Metric","1",""
"C_PROBE?","100nF","Capacitor_SMD:C_0805_2012Metric","1",""
"D_AMP?","BAT54S","Package_TO_SOT_SMD:SOT-23","1",""
"J_AMP?","Clamp_SCT013_2P","Connector_JST:JST_XH_B2B-XH-A_1x02_P2.50mm_Vertical","1",""
"J_BAT?","Bateria_BMS_2P","Connector_JST:JST_XH_B2B-XH-A_1x02_P2.50mm_Vertical","1",""
"J_BAT_SENSE?","Sense_VBAT_2P","Connector_JST:JST_XH_B2B-XH-A_1x02_P2.50mm_Vertical","1",""
"J_BUZ?","Buzzer_2P","Connector_JST:JST_XH_B2B-XH-A_1x02_P2.50mm_Vertical","1",""
"J_LEDS?","Status_LEDs_4P","Connector_JST:JST_XH_B4B-XH-A_1x04_P2.50mm_Vertical","1",""
"J_OLED?","Display_OLED_4P","Connector_JST:JST_XH_B4B-XH-A_1x04_P2.50mm_Vertical","1",""
"J_PROBE?","Sonda_Torre_GX12_8P","Connector_JST:JST_XH_B8B-XH-A_1x08_P2.50mm_Vertical","1",""
"J_TACHO?","Tacometro_3P","Connector_JST:JST_XH_B3B-XH-A_1x03_P2.50mm_Vertical","1",""
"R_B?","33R","Resistor_THT:R_Axial_DIN0207_L6.3mm_D2.5mm_P7.62mm_Horizontal","1",""
"R_BAT1","100k 1%","Resistor_SMD:R_0805_2012Metric","1",""
"R_BAT2","100k 1%","Resistor_SMD:R_0805_2012Metric","1",""
"R_BIAS1","100k 1%","Resistor_SMD:R_0805_2012Metric","1",""
"R_BIAS2","100k 1%","Resistor_SMD:R_0805_2012Metric","1",""
"R_BUZ?","100R","Resistor_THT:R_Axial_DIN0207_L6.3mm_D2.5mm_P7.62mm_Horizontal","1",""
"R_F?","1k","Resistor_SMD:R_0805_2012Metric","1",""
"R_LED1","330R","Resistor_THT:R_Axial_DIN0207_L6.3mm_D2.5mm_P7.62mm_Horizontal","1",""
"R_LED2","330R","Resistor_THT:R_Axial_DIN0207_L6.3mm_D2.5mm_P7.62mm_Horizontal","1",""
"R_LED3","330R","Resistor_THT:R_Axial_DIN0207_L6.3mm_D2.5mm_P7.62mm_Horizontal","1",""
"R_PU_1W?","4.7k","Resistor_SMD:R_0805_2012Metric","1",""
"R_PU_SCL?","4.7k","Resistor_SMD:R_0805_2012Metric","1",""
"R_PU_SDA?","4.7k","Resistor_SMD:R_0805_2012Metric","1",""
"R_PU_TACHO?","4.7k","Resistor_SMD:R_0805_2012Metric","1",""
"R_S_TACHO?","1k","Resistor_SMD:R_0805_2012Metric","1",""
"U_ESP_L?","ESP32-S3_Header_1x22","Connector_PinHeader_2.54mm:PinHeader_1x22_P2.54mm_Vertical","1",""
"U_ESP_R?","ESP32-S3_Header_1x22","Connector_PinHeader_2.54mm:PinHeader_1x22_P2.54mm_Vertical","1",""
"U_LORA?","E32-TTL-100","Connector_PinHeader_2.54mm:PinHeader_1x07_P2.54mm_Vertical","1",""
