Ref,Val,Package,PosX,PosY,Rot,Side
"C_3V3_1","10uF","C_0805_2012Metric",32.300000,-3.500000,0.000000,top
"C_3V3_2","100nF","C_0805_2012Metric",37.000000,-3.500000,0.000000,top
"C_BAT","100nF","C_0805_2012Metric",67.000000,-59.000000,0.000000,top
"C_BIAS","10uF","C_0805_2012Metric",24.000000,-16.000000,0.000000,top
"C_ESP1","10uF","C_0805_2012Metric",36.500000,-9.000000,0.000000,top
"C_ESP2","100nF","C_0805_2012Metric",36.500000,-12.500000,0.000000,top
"C_F","10nF","C_0805_2012Metric",24.000000,-20.000000,0.000000,top
"C_F_TACHO","100pF","C_0805_2012Metric",22.000000,-57.000000,0.000000,top
"C_IN1","10uF","C_0805_2012Metric",43.000000,-64.000000,90.000000,top
"C_IN2","100nF","C_0805_2012Metric",48.000000,-64.000000,90.000000,top
"C_LORA_BULK","470uF 16V","CP_Radial_D8.0mm_P3.50mm",70.000000,-11.000000,90.000000,top
"C_LORA_DEC","100nF","C_0805_2012Metric",70.000000,-19.000000,0.000000,top
"C_OLED","100nF","C_0805_2012Metric",74.000000,-31.000000,0.000000,top
"C_PROBE","100nF","C_0805_2012Metric",18.000000,-28.000000,0.000000,top
"D_AMP_HI","BAT54","D_SOD-323",24.000000,-23.000000,0.000000,top
"D_AMP_LO","BAT54","D_SOD-323",28.000000,-23.000000,0.000000,top
"J_AMP","Clamp_SCT013_2P","JST_XH_B2B-XH-A_1x02_P2.50mm_Vertical",12.000000,-14.000000,-90.000000,top
"J_BAT","Bateria_BMS_2P","JST_XH_B2B-XH-A_1x02_P2.50mm_Vertical",48.000000,-69.500000,0.000000,top
"J_BAT_SENSE","Sense_VBAT_2P","JST_XH_B2B-XH-A_1x02_P2.50mm_Vertical",65.000000,-69.500000,0.000000,top
"J_BUZ","Buzzer_2P","JST_XH_B2B-XH-A_1x02_P2.50mm_Vertical",78.000000,-62.000000,0.000000,top
"J_LEDS","Status_LEDs_4P","JST_XH_B4B-XH-A_1x04_P2.50mm_Vertical",80.000000,-46.000000,-90.000000,top
"J_OLED","Display_OLED_4P","PinHeader_1x04_P2.54mm_Vertical",80.000000,-30.000000,0.000000,top
"J_PROBE","Sonda_Torre_GX16_8P","JST_XH_B8B-XH-A_1x08_P2.50mm_Vertical",12.000000,-28.000000,-90.000000,top
"J_TACHO","Tacometro_3P","JST_XH_B3B-XH-A_1x03_P2.50mm_Vertical",12.000000,-54.000000,-90.000000,top
"R_B","33R","R_Axial_DIN0207_L6.3mm_D2.5mm_P7.62mm_Horizontal",18.000000,-14.000000,90.000000,top
"R_BAT1","100k 1%","R_0805_2012Metric",63.000000,-64.000000,90.000000,top
"R_BAT2","100k 1%","R_0805_2012Metric",67.000000,-64.000000,90.000000,top
"R_BIAS1","100k 1%","R_0805_2012Metric",24.000000,-9.000000,0.000000,top
"R_BIAS2","100k 1%","R_0805_2012Metric",24.000000,-12.500000,0.000000,top
"R_BUZ","100R","R_0805_2012Metric",52.000000,-12.000000,0.000000,top
"R_F","1k","R_0805_2012Metric",18.000000,-20.000000,0.000000,top
"R_LED1","330R","R_0805_2012Metric",74.000000,-46.000000,0.000000,top
"R_LED2","330R","R_0805_2012Metric",74.000000,-48.500000,0.000000,top
"R_LED3","330R","R_0805_2012Metric",74.000000,-51.000000,0.000000,top
"R_PU_1W","4.7k","R_0805_2012Metric",20.000000,-33.000000,0.000000,top
"R_PU_SCL","4.7k","R_0805_2012Metric",20.000000,-40.000000,0.000000,top
"R_PU_SDA","4.7k","R_0805_2012Metric",20.000000,-43.000000,0.000000,top
"R_PU_TACHO","4.7k","R_0805_2012Metric",18.000000,-53.000000,0.000000,top
"R_S_TACHO","1k","R_0805_2012Metric",18.000000,-57.000000,0.000000,top
"U_ESP_L","ESP32-S3_Header_1x22","PinHeader_1x22_P2.54mm_Vertical",32.300000,-9.000000,0.000000,top
"U_ESP_R","ESP32-S3_Header_1x22","PinHeader_1x22_P2.54mm_Vertical",57.700000,-9.000000,0.000000,top
"U_LORA","E32-TTL-100","PinHeader_1x07_P2.54mm_Vertical",80.000000,-8.000000,0.000000,top
